tag,loss_mode,vad_level,window_size,hop_size,opt_at,opt_at_npts,opt_steps,opt_lr,total_iters,n_samples,ref_dir,gen_text,wer_mean,cer_mean,utmos_mean,spk_sim_mean,e2v_dtw_jsd_mean,e2v_frame_jsd_mean_mean,e2v_label_edit_norm_mean,e2v_top_label_match_mean,wer_std,cer_std,utmos_std,spk_sim_std,e2v_dtw_jsd_std,e2v_frame_jsd_mean_std,e2v_label_edit_norm_std,e2v_top_label_match_std,wer_min,cer_min,utmos_min,spk_sim_min,e2v_dtw_jsd_min,e2v_frame_jsd_mean_min,e2v_label_edit_norm_min,e2v_top_label_match_min,wer_max,cer_max,utmos_max,spk_sim_max,e2v_dtw_jsd_max,e2v_frame_jsd_mean_max,e2v_label_edit_norm_max,e2v_top_label_match_max
embedding-both_w0.5_h0.25_at2-4-6-8-10-12-14_s100_lr1e-2,embedding,both,0.5,0.25,2-4-6-8-10-12-14,7,100,1e-2,700,8,asset,Dogs are walking on the floor. Dogs are walking on the floor.,0.0,,2.1799,0.8654,0.3184,0.3195,0.4585,0.5,0.0,,0.7401,0.0647,0.2863,0.2855,0.4519,0.5,0.0,,1.2897,0.713,0.0,0.0,0.0,0.0,0.0,,3.6186,0.9491,0.6931,0.6931,1.0,1.0
embedding-both_w0.5_h0.25_at2-4-6-8-10-12-14_s50_lr1e-2,embedding,both,0.5,0.25,2-4-6-8-10-12-14,7,50,1e-2,350,8,asset,Dogs are walking on the floor. Dogs are walking on the floor.,0.0,,2.568,0.8784,0.2656,0.2661,0.5791,0.375,0.0,,0.5444,0.0401,0.2253,0.2253,0.4517,0.4841,0.0,,1.713,0.795,0.0023,0.0023,0.0,0.0,0.0,,3.4981,0.9363,0.6796,0.6796,1.0,1.0
embedding-both_w0.5_h0.25_at2-4-6-8-10-12-14_s60_lr1e-2,embedding,both,0.5,0.25,2-4-6-8-10-12-14,7,60,1e-2,420,8,asset,Dogs are walking on the floor. Dogs are walking on the floor.,0.0625,,2.5607,0.8715,0.3844,0.385,0.6944,0.25,0.1654,,0.799,0.0459,0.2813,0.2814,0.4258,0.433,0.0,,1.4564,0.7902,0.0,0.0,0.0,0.0,0.5,,4.1053,0.9425,0.6908,0.6908,1.0,1.0
embedding-both_w0.5_h0.25_at2-4-6-8-10-12-14_s70_lr1e-2,embedding,both,0.5,0.25,2-4-6-8-10-12-14,7,70,1e-2,490,8,asset,Dogs are walking on the floor. Dogs are walking on the floor.,0.0,,2.3129,0.8579,0.4741,0.4745,0.7596,0.25,0.0,,0.6394,0.0505,0.2437,0.2436,0.4168,0.433,0.0,,1.456,0.7736,0.0039,0.0039,0.0,0.0,0.0,,3.4761,0.9205,0.6929,0.6929,1.0,1.0
embedding-both_w0.5_h0.25_at2-4-6-8-10-12-14_s80_lr1e-2,embedding,both,0.5,0.25,2-4-6-8-10-12-14,7,80,1e-2,560,8,asset,Dogs are walking on the floor. Dogs are walking on the floor.,0.0625,,2.2374,0.8719,0.3092,0.3097,0.5721,0.5,0.1654,,0.6956,0.0412,0.2749,0.2748,0.4524,0.5,0.0,,1.35,0.8019,0.0,0.0,0.0,0.0,0.5,,3.642,0.9337,0.6887,0.6887,1.0,1.0
embedding-both_w0.5_h0.25_at2-4-6-8-10-12-14_s90_lr1e-2,embedding,both,0.5,0.25,2-4-6-8-10-12-14,7,90,1e-2,630,8,asset,Dogs are walking on the floor. Dogs are walking on the floor.,0.0312,,2.0798,0.8611,0.2928,0.2934,0.567,0.5,0.058,,0.7374,0.0754,0.244,0.2437,0.4582,0.5,0.0,,1.3808,0.7229,0.0,0.0,0.0,0.0,0.1667,,3.4385,0.9604,0.6834,0.6834,1.0,1.0
embedding-both_w1.0_h0.25_at2-4-6-8-10-12-14-16-18-20-24-28_s500_lr2e-3,embedding,both,1.0,0.25,2-4-6-8-10-12-14-16-18-20-24-28,12,500,2e-3,6000,8,asset,Dogs are walking on the floor. Dogs are walking on the floor.,0.0,,1.5605,0.8373,0.4969,0.4974,0.8846,0.125,0.0,,0.4058,0.0718,0.2083,0.2084,0.3053,0.3307,0.0,,1.3023,0.7266,0.0029,0.0029,0.0769,0.0,0.0,,2.5964,0.9379,0.6849,0.6849,1.0,1.0
embedding-both_w1.0_h0.25_at2-4-6-8-10-12-14-16-18-20-24-28_s50_lr1e-2,embedding,both,1.0,0.25,2-4-6-8-10-12-14-16-18-20-24-28,12,50,1e-2,600,8,asset,Dogs are walking on the floor. Dogs are walking on the floor.,0.0104,,1.8618,0.868,0.3418,0.3422,0.5096,0.5,0.0276,,0.5977,0.0682,0.3169,0.3172,0.4909,0.5,0.0,,1.3176,0.7128,0.0,0.0,0.0,0.0,0.0833,,3.2179,0.9528,0.6902,0.6903,1.0,1.0
embedding-both_w1.0_h0.25_at2-4-6-8-10-12-14_s100_lr1e-2,embedding,both,1.0,0.25,2-4-6-8-10-12-14,7,100,1e-2,700,8,asset,Dogs are walking on the floor. Dogs are walking on the floor.,0.125,,1.8456,0.8386,0.2428,0.2432,0.3891,0.625,0.2165,,0.5255,0.0597,0.2873,0.2873,0.4738,0.4841,0.0,,1.4182,0.7382,0.0001,0.0001,0.0,0.0,0.5,,2.8726,0.9161,0.693,0.693,1.0,1.0
embedding-both_w1.0_h0.25_at2-4-6-8-10-12-14_s50_lr1e-2,embedding,both,1.0,0.25,2-4-6-8-10-12-14,7,50,1e-2,350,8,asset,Dogs are walking on the floor. Dogs are walking on the floor.,0.0208,,2.4409,0.8784,0.2802,0.2807,0.5141,0.375,0.0551,,0.7004,0.0532,0.2576,0.2575,0.4182,0.4841,0.0,,1.5301,0.7841,0.0,0.0,0.0,0.0,0.1667,,3.7308,0.9719,0.6931,0.6931,1.0,1.0
embedding-both_w1.0_h0.25_at2-4-6-8-10-12-14_s60_lr1e-2,embedding,both,1.0,0.25,2-4-6-8-10-12-14,7,60,1e-2,420,8,asset,Dogs are walking on the floor. Dogs are walking on the floor.,0.0,,2.5791,0.889,0.1633,0.1636,0.2641,0.75,0.0,,0.6537,0.0374,0.2327,0.2329,0.4256,0.433,0.0,,1.5175,0.8332,0.0,0.0,0.0,0.0,0.0,,3.618,0.9311,0.6931,0.6931,1.0,1.0
embedding-both_w1.0_h0.25_at2-4-6-8-10-12-14_s70_lr1e-2,embedding,both,1.0,0.25,2-4-6-8-10-12-14,7,70,1e-2,490,8,asset,Dogs are walking on the floor. Dogs are walking on the floor.,0.0,,2.4354,0.878,0.3179,0.3181,0.5141,0.5,0.0,,0.5667,0.0568,0.2554,0.2553,0.4864,0.5,0.0,,1.5914,0.7555,0.0,0.0,0.0,0.0,0.0,,3.385,0.953,0.6646,0.6646,1.0,1.0
embedding-both_w1.0_h0.25_at2-4-6-8-10-12-14_s80_lr1e-2,embedding,both,1.0,0.25,2-4-6-8-10-12-14,7,80,1e-2,560,8,asset,Dogs are walking on the floor. Dogs are walking on the floor.,0.0104,,2.0692,0.8953,0.3071,0.3079,0.5721,0.5,0.0276,,0.7207,0.0402,0.2536,0.2538,0.4524,0.5,0.0,,1.2725,0.8361,0.0,0.0,0.0,0.0,0.0833,,3.5761,0.9407,0.6753,0.6753,1.0,1.0
embedding-both_w1.0_h0.25_at2-4-6-8-10-12-14_s90_lr1e-2,embedding,both,1.0,0.25,2-4-6-8-10-12-14,7,90,1e-2,630,8,asset,Dogs are walking on the floor. Dogs are walking on the floor.,0.0,,2.0895,0.8582,0.2874,0.288,0.5096,0.5,0.0,,0.7105,0.0627,0.2778,0.2782,0.4909,0.5,0.0,,1.4248,0.7681,0.0,0.0,0.0,0.0,0.0,,3.5846,0.9624,0.6762,0.6762,1.0,1.0
embedding-both_w1.0_h0.25_at2-6-10-14-18-24-28_s100_lr1e-2,embedding,both,1.0,0.25,2-6-10-14-18-24-28,7,100,1e-2,700,8,asset,Dogs are walking on the floor. Dogs are walking on the floor.,0.0,,1.7539,0.887,0.3187,0.3189,0.5141,0.5,0.0,,0.515,0.0325,0.2764,0.2764,0.4864,0.5,0.0,,1.3318,0.8056,0.0,0.0,0.0,0.0,0.0,,3.0095,0.9112,0.6909,0.6909,1.0,1.0
embedding-frame_w1.0_h0.25_at2-4-6-8-10-12-14-16-18-20-24-28_s500_lr2e-3,embedding,frame,1.0,0.25,2-4-6-8-10-12-14-16-18-20-24-28,12,500,2e-3,6000,8,asset,Dogs are walking on the floor. Dogs are walking on the floor.,0.0104,,1.5246,0.8747,0.4086,0.4091,0.6346,0.375,0.0276,,0.2642,0.0373,0.2889,0.2891,0.4722,0.4841,0.0,,1.266,0.836,0.0024,0.0024,0.0,0.0,0.0833,,2.1254,0.9572,0.6931,0.6931,1.0,1.0
embedding-frame_w1.0_h0.25_at2-4-6-8-10-12-14-16-18-20-24-28_s50_lr1e-2,embedding,frame,1.0,0.25,2-4-6-8-10-12-14-16-18-20-24-28,12,50,1e-2,600,8,asset,Dogs are walking on the floor. Dogs are walking on the floor.,0.0,,2.0768,0.8223,0.3095,0.31,0.5096,0.5,0.0,,0.627,0.0573,0.2936,0.294,0.4909,0.5,0.0,,1.4026,0.732,0.0,0.0,0.0,0.0,0.0,,2.981,0.8921,0.692,0.692,1.0,1.0
embedding-frame_w1.0_h0.25_at2-4-6-8-10-12-14_s60_lr1e-2,embedding,frame,1.0,0.25,2-4-6-8-10-12-14,7,60,1e-2,420,8,asset,Dogs are walking on the floor. Dogs are walking on the floor.,0.0625,,2.6208,0.8639,0.3957,0.3965,0.6875,0.375,0.1654,,0.8078,0.0499,0.2703,0.2703,0.4285,0.4841,0.0,,1.3935,0.757,0.0,0.0,0.0,0.0,0.5,,4.0571,0.9242,0.6931,0.6931,1.0,1.0
embedding-frame_w1.0_h0.25_at2-6-10-14-18-24-28_s100_lr1e-2,embedding,frame,1.0,0.25,2-6-10-14-18-24-28,7,100,1e-2,700,8,asset,Dogs are walking on the floor. Dogs are walking on the floor.,0.0,,1.6611,0.8642,0.4988,0.4992,0.8846,0.125,0.0,,0.4952,0.0463,0.2136,0.2136,0.3053,0.3307,0.0,,1.3428,0.7955,0.0027,0.0028,0.0769,0.0,0.0,,2.7958,0.9207,0.6931,0.6931,1.0,1.0
embedding-utter_w1.0_h0.25_at2-4-6-8-10-12-14-16-18-20-24-28_s500_lr2e-3,embedding,utter,1.0,0.25,2-4-6-8-10-12-14-16-18-20-24-28,12,500,2e-3,6000,8,asset,Dogs are walking on the floor. Dogs are walking on the floor.,0.0,,1.7747,0.8571,0.3224,0.3232,0.5694,0.375,0.0,,0.4055,0.0341,0.27,0.2702,0.4629,0.4841,0.0,,1.3739,0.7751,0.0002,0.0002,0.0,0.0,0.0,,2.6859,0.9003,0.6931,0.6931,1.0,1.0
embedding-utter_w1.0_h0.25_at2-4-6-8-10-12-14-16-18-20-24-28_s50_lr1e-2,embedding,utter,1.0,0.25,2-4-6-8-10-12-14-16-18-20-24-28,12,50,1e-2,600,8,asset,Dogs are walking on the floor. Dogs are walking on the floor.,0.0,,2.1421,0.8556,0.3574,0.3583,0.6971,0.375,0.0,,0.7515,0.068,0.2401,0.2401,0.4135,0.4841,0.0,,1.424,0.716,0.0008,0.0008,0.0,0.0,0.0,,3.8377,0.9189,0.683,0.683,1.0,1.0
embedding-utter_w1.0_h0.25_at2-4-6-8-10-12-14_s60_lr1e-2,embedding,utter,1.0,0.25,2-4-6-8-10-12-14,7,60,1e-2,420,8,asset,Dogs are walking on the floor. Dogs are walking on the floor.,0.0,,2.6855,0.8797,0.3986,0.3991,0.875,0.125,0.0,,0.8812,0.0436,0.1924,0.1928,0.3307,0.3307,0.0,,1.3552,0.8258,0.0002,0.0002,0.0,0.0,0.0,,3.9851,0.9495,0.5847,0.5847,1.0,1.0
embedding-utter_w1.0_h0.25_at2-6-10-14-18-24-28_s100_lr1e-2,embedding,utter,1.0,0.25,2-6-10-14-18-24-28,7,100,1e-2,700,8,asset,Dogs are walking on the floor. Dogs are walking on the floor.,0.0,,1.9245,0.8836,0.2555,0.2564,0.3291,0.625,0.0,,0.7306,0.0253,0.229,0.2295,0.4255,0.4841,0.0,,1.3813,0.8557,0.0142,0.0142,0.0,0.0,0.0,,3.5786,0.9405,0.6931,0.6931,1.0,1.0
value-both_w1.0_h0.25_at2-4-6-8-10-12-14-16-18-20-24-28_s500_lr2e-3,value,both,1.0,0.25,2-4-6-8-10-12-14-16-18-20-24-28,12,500,2e-3,6000,8,asset,Dogs are walking on the floor. Dogs are walking on the floor.,0.0,,2.3861,0.8844,0.2911,0.292,0.4471,0.625,0.0,,0.6005,0.0539,0.282,0.2823,0.4551,0.4841,0.0,,1.7446,0.7985,0.0027,0.0027,0.0,0.0,0.0,,3.7954,0.9436,0.6931,0.6931,1.0,1.0
value-both_w1.0_h0.25_at2-4-6-8-10-12-14-16-18-20-24-28_s50_lr1e-2,value,both,1.0,0.25,2-4-6-8-10-12-14-16-18-20-24-28,12,50,1e-2,600,8,asset,Dogs are walking on the floor. Dogs are walking on the floor.,0.0,,2.4677,0.8711,0.3837,0.3846,0.5721,0.5,0.0,,0.7552,0.0821,0.2785,0.2784,0.4524,0.5,0.0,,1.4057,0.6764,0.0029,0.0029,0.0,0.0,0.0,,3.8898,0.9518,0.6929,0.6929,1.0,1.0
value-both_w1.0_h0.25_at2-4-6-8-10-12-14_s60_lr1e-2,value,both,1.0,0.25,2-4-6-8-10-12-14,7,60,1e-2,420,8,asset,Dogs are walking on the floor. Dogs are walking on the floor.,0.0,,2.1444,0.8737,0.3024,0.3029,0.567,0.5,0.0,,0.7315,0.0447,0.2851,0.2849,0.4582,0.5,0.0,,1.3481,0.7843,0.0,0.0,0.0,0.0,0.0,,3.5802,0.9295,0.6926,0.6926,1.0,1.0
value-both_w1.0_h0.25_at2-6-10-14-18-24-28_s100_lr1e-2,value,both,1.0,0.25,2-6-10-14-18-24-28,7,100,1e-2,700,8,asset,Dogs are walking on the floor. Dogs are walking on the floor.,0.0,,2.2537,0.8927,0.3919,0.3919,0.6346,0.375,0.0,,0.6325,0.0495,0.2969,0.2969,0.4722,0.4841,0.0,,1.5083,0.7771,0.0014,0.0014,0.0,0.0,0.0,,3.6529,0.9529,0.6931,0.6931,1.0,1.0
value-frame_w1.0_h0.25_at16-18-20-24-28-31_s100_lr1e-2,value,frame,1.0,0.25,16-18-20-24-28-31,6,100,1e-2,600,8,asset,Dogs are walking on the floor. Dogs are walking on the floor.,0.0,,2.693,0.9052,0.5372,0.538,0.8125,0.25,0.0,,0.6496,0.0229,0.2244,0.2238,0.348,0.433,0.0,,1.5163,0.8692,0.1113,0.1113,0.0,0.0,0.0,,3.7641,0.9371,0.6931,0.6931,1.0,1.0
value-frame_w1.0_h0.25_at16-18-20-24-28-31_s30_lr1e-2,value,frame,1.0,0.25,16-18-20-24-28-31,6,30,1e-2,180,8,asset,Dogs are walking on the floor. Dogs are walking on the floor.,0.0,,2.9159,0.9095,0.5334,0.5343,0.9375,0.125,0.0,,0.6423,0.0243,0.1952,0.1945,0.1654,0.3307,0.0,,1.6804,0.8704,0.2009,0.2046,0.5,0.0,0.0,,3.9022,0.9367,0.6931,0.6931,1.0,1.0
value-frame_w1.0_h0.25_at16-18-20-24-28-31_s40_lr1e-2,value,frame,1.0,0.25,16-18-20-24-28-31,6,40,1e-2,240,8,asset,Dogs are walking on the floor. Dogs are walking on the floor.,0.0,,2.8181,0.913,0.5105,0.5114,0.8125,0.25,0.0,,0.6268,0.0363,0.213,0.2124,0.348,0.433,0.0,,1.596,0.8496,0.1346,0.1346,0.0,0.0,0.0,,3.7162,0.9461,0.6931,0.6931,1.0,1.0
value-frame_w1.0_h0.25_at16-18-20-24-28-31_s50_lr1e-2,value,frame,1.0,0.25,16-18-20-24-28-31,6,50,1e-2,300,8,asset,Dogs are walking on the floor. Dogs are walking on the floor.,0.0,,2.7617,0.9104,0.5354,0.5361,0.8125,0.25,0.0,,0.6788,0.0263,0.216,0.2156,0.348,0.433,0.0,,1.5302,0.8695,0.1446,0.1446,0.0,0.0,0.0,,3.8916,0.948,0.6931,0.6931,1.0,1.0
value-frame_w1.0_h0.25_at16-18-20-24-28-31_s60_lr1e-2,value,frame,1.0,0.25,16-18-20-24-28-31,6,60,1e-2,360,8,asset,Dogs are walking on the floor. Dogs are walking on the floor.,0.0,,2.7354,0.9065,0.5426,0.5435,0.8601,0.25,0.0,,0.613,0.0268,0.2173,0.2167,0.2441,0.433,0.0,,1.6996,0.8572,0.1446,0.1446,0.381,0.0,0.0,,3.8026,0.9327,0.6931,0.6931,1.0,1.0
value-frame_w1.0_h0.25_at16-18-20-24-28-31_s80_lr1e-2,value,frame,1.0,0.25,16-18-20-24-28-31,6,80,1e-2,480,8,asset,Dogs are walking on the floor. Dogs are walking on the floor.,0.0,,2.7061,0.9065,0.5739,0.5748,0.9375,0.125,0.0,,0.6605,0.0272,0.1721,0.171,0.1654,0.3307,0.0,,1.5501,0.8496,0.2011,0.2049,0.5,0.0,0.0,,3.9026,0.9272,0.6931,0.6931,1.0,1.0
value-frame_w1.0_h0.25_at2-4-6-8-10-12-14-16-18-20-24-28_s100_lr5e-3,value,frame,1.0,0.25,2-4-6-8-10-12-14-16-18-20-24-28,12,100,5e-3,1200,8,asset,Dogs are walking on the floor. Dogs are walking on the floor.,0.0,,2.4636,0.8871,0.4159,0.4168,0.8291,0.125,0.0,,0.7375,0.0364,0.2424,0.2423,0.3193,0.3307,0.0,,1.6518,0.8472,0.0029,0.0029,0.0769,0.0,0.0,,4.1616,0.9407,0.6925,0.6925,1.0,1.0
value-frame_w1.0_h0.25_at2-4-6-8-10-12-14-16-18-20-24-28_s150_lr5e-3,value,frame,1.0,0.25,2-4-6-8-10-12-14-16-18-20-24-28,12,150,5e-3,1800,8,asset,Dogs are walking on the floor. Dogs are walking on the floor.,0.0625,,2.498,0.8878,0.5059,0.5064,0.8846,0.125,0.1654,,0.6894,0.0265,0.2082,0.2083,0.3053,0.3307,0.0,,1.3932,0.8349,0.0443,0.0443,0.0769,0.0,0.5,,3.6113,0.9239,0.693,0.693,1.0,1.0
value-frame_w1.0_h0.25_at2-4-6-8-10-12-14-16-18-20-24-28_s250_lr1e-3,value,frame,1.0,0.25,2-4-6-8-10-12-14-16-18-20-24-28,12,250,1e-3,3000,8,asset,Dogs are walking on the floor. Dogs are walking on the floor.,0.0,,2.6577,0.911,0.3178,0.3186,0.5397,0.5,0.0,,0.5665,0.0241,0.271,0.2712,0.4293,0.5,0.0,,1.6175,0.8692,0.0028,0.0028,0.0,0.0,0.0,,3.4125,0.9367,0.6931,0.6931,1.0,1.0
value-frame_w1.0_h0.25_at2-4-6-8-10-12-14-16-18-20-24-28_s250_lr2e-3,value,frame,1.0,0.25,2-4-6-8-10-12-14-16-18-20-24-28,12,250,2e-3,3000,8,asset,Dogs are walking on the floor. Dogs are walking on the floor.,0.0,,2.6594,0.8942,0.3768,0.3777,0.6085,0.375,0.0,,0.5538,0.0223,0.2613,0.2613,0.4195,0.4841,0.0,,1.7288,0.8597,0.0017,0.0017,0.0,0.0,0.0,,3.445,0.9227,0.6829,0.6829,1.0,1.0
value-frame_w1.0_h0.25_at2-4-6-8-10-12-14-16-18-20-24-28_s30_lr1e-2,value,frame,1.0,0.25,2-4-6-8-10-12-14-16-18-20-24-28,12,30,1e-2,360,8,asset,Dogs are walking on the floor. Dogs are walking on the floor.,0.0,,2.644,0.855,0.4477,0.4483,0.75,0.25,0.0,,0.8389,0.043,0.2442,0.2444,0.433,0.433,0.0,,1.6529,0.8067,0.0018,0.0018,0.0,0.0,0.0,,4.1028,0.9534,0.6921,0.6921,1.0,1.0
value-frame_w1.0_h0.25_at2-4-6-8-10-12-14-16-18-20-24-28_s40_lr1e-2,value,frame,1.0,0.25,2-4-6-8-10-12-14-16-18-20-24-28,12,40,1e-2,480,8,asset,Dogs are walking on the floor. Dogs are walking on the floor.,0.0,,2.4709,0.8601,0.4618,0.4625,0.7041,0.25,0.0,,0.7526,0.044,0.2619,0.2618,0.4106,0.433,0.0,,1.3562,0.7694,0.0022,0.0022,0.0,0.0,0.0,,3.9129,0.9076,0.6931,0.6931,1.0,1.0
value-frame_w1.0_h0.25_at2-4-6-8-10-12-14-16-18-20-24-28_s500_lr1e-3,value,frame,1.0,0.25,2-4-6-8-10-12-14-16-18-20-24-28,12,500,1e-3,6000,8,asset,Dogs are walking on the floor. Dogs are walking on the floor.,0.0,,2.6634,0.9054,0.3793,0.3797,0.7318,0.25,0.0,,0.5586,0.0368,0.2766,0.2768,0.4071,0.433,0.0,,2.1496,0.8564,0.0029,0.0029,0.0,0.0,0.0,,4.041,0.9493,0.693,0.693,1.0,1.0
value-frame_w1.0_h0.25_at2-4-6-8-10-12-14-16-18-20-24-28_s500_lr2e-3,value,frame,1.0,0.25,2-4-6-8-10-12-14-16-18-20-24-28,12,500,2e-3,6000,8,asset,Dogs are walking on the floor. Dogs are walking on the floor.,0.0,,2.6468,0.8732,0.4706,0.471,0.7596,0.25,0.0,,0.4382,0.0455,0.2772,0.2773,0.4168,0.433,0.0,,2.1145,0.788,0.0006,0.0006,0.0,0.0,0.0,,3.6595,0.9346,0.6931,0.6931,1.0,1.0
value-frame_w1.0_h0.25_at2-4-6-8-10-12-14-16-18-20-24-28_s50_lr1e-2,value,frame,1.0,0.25,2-4-6-8-10-12-14-16-18-20-24-28,12,50,1e-2,600,8,asset,Dogs are walking on the floor. Dogs are walking on the floor.,0.0,,2.5035,0.8862,0.1795,0.1804,0.3291,0.625,0.0,,0.5734,0.0621,0.2321,0.2328,0.4255,0.4841,0.0,,1.6506,0.7635,0.0,0.0,0.0,0.0,0.0,,3.668,0.9521,0.6049,0.6049,1.0,1.0
value-frame_w1.0_h0.25_at2-4-6-8-10-12-14-16-18-20-24-28_s75_lr1e-2,value,frame,1.0,0.25,2-4-6-8-10-12-14-16-18-20-24-28,12,75,1e-2,900,8,asset,Dogs are walking on the floor. Dogs are walking on the floor.,0.0729,,2.1328,0.8665,0.5447,0.5454,0.899,0.125,0.1929,,0.9039,0.0745,0.1704,0.1699,0.1814,0.3307,0.0,,1.3122,0.7378,0.2628,0.2651,0.5,0.0,0.5833,,3.6743,0.9339,0.693,0.693,1.0,1.0
value-frame_w1.0_h0.25_at2-4-6-8-10-12-14_s100_lr1e-2,value,frame,1.0,0.25,2-4-6-8-10-12-14,7,100,1e-2,700,8,asset,Dogs are walking on the floor. Dogs are walking on the floor.,0.0729,,2.5956,0.872,0.3962,0.3966,0.6989,0.25,0.1637,,0.6558,0.0728,0.2286,0.2283,0.4186,0.433,0.0,,1.6993,0.7451,0.004,0.004,0.0,0.0,0.5,,3.8228,0.952,0.6903,0.6903,1.0,1.0
value-frame_w1.0_h0.25_at2-4-6-8-10-12-14_s30_lr1e-2,value,frame,1.0,0.25,2-4-6-8-10-12-14,7,30,1e-2,210,8,asset,Dogs are walking on the floor. Dogs are walking on the floor.,0.0729,,2.7003,0.8635,0.437,0.4375,0.6989,0.25,0.1637,,0.6373,0.06,0.2838,0.2835,0.4186,0.433,0.0,,1.5825,0.7279,0.0,0.0,0.0,0.0,0.5,,3.7915,0.9182,0.6931,0.6931,1.0,1.0
value-frame_w1.0_h0.25_at2-4-6-8-10-12-14_s40_lr1e-2,value,frame,1.0,0.25,2-4-6-8-10-12-14,7,40,1e-2,280,8,asset,Dogs are walking on the floor. Dogs are walking on the floor.,0.0625,,2.7918,0.8824,0.4177,0.4183,0.7545,0.25,0.116,,0.8618,0.0368,0.2674,0.2667,0.4254,0.433,0.0,,1.2606,0.8254,0.0,0.0,0.0,0.0,0.3333,,3.9486,0.9321,0.6931,0.6931,1.0,1.0
value-frame_w1.0_h0.25_at2-4-6-8-10-12-14_s50_lr1e-2,value,frame,1.0,0.25,2-4-6-8-10-12-14,7,50,1e-2,350,8,asset,Dogs are walking on the floor. Dogs are walking on the floor.,0.0,,2.6034,0.8625,0.3985,0.3986,0.6346,0.375,0.0,,0.8081,0.0404,0.3068,0.3068,0.4722,0.4841,0.0,,1.376,0.7825,0.0,0.0,0.0,0.0,0.0,,3.967,0.9146,0.6919,0.6919,1.0,1.0
value-frame_w1.0_h0.25_at2-4-6-8-10-12-14_s60_lr1e-2,value,frame,1.0,0.25,2-4-6-8-10-12-14,7,60,1e-2,420,8,asset,Dogs are walking on the floor. Dogs are walking on the floor.,0.0,,2.5733,0.8537,0.5687,0.5691,1.0,0.0,0.0,,0.7597,0.0687,0.1111,0.1108,0.0,0.0,0.0,,1.4961,0.7212,0.3699,0.3699,1.0,0.0,0.0,,3.9974,0.9274,0.6931,0.6931,1.0,0.0
value-frame_w1.0_h0.25_at2-4-6-8-10-12-14_s80_lr1e-2,value,frame,1.0,0.25,2-4-6-8-10-12-14,7,80,1e-2,560,8,asset,Dogs are walking on the floor. Dogs are walking on the floor.,0.0208,,2.249,0.8352,0.4093,0.4101,0.6944,0.25,0.0361,,0.6223,0.0982,0.2811,0.2809,0.4258,0.433,0.0,,1.558,0.6287,0.0,0.0,0.0,0.0,0.0833,,3.2938,0.9666,0.6917,0.6917,1.0,1.0
value-frame_w1.0_h0.25_at2-6-10-14-18-24-28_s100_lr1e-2,value,frame,1.0,0.25,2-6-10-14-18-24-28,7,100,1e-2,700,8,asset,Dogs are walking on the floor. Dogs are walking on the floor.,0.0,,2.6878,0.8633,0.4288,0.4297,0.6944,0.25,0.0,,0.448,0.0483,0.2547,0.2546,0.4258,0.433,0.0,,2.1126,0.7849,0.0485,0.0485,0.0,0.0,0.0,,3.5587,0.937,0.6906,0.6906,1.0,1.0
value-frame_w1.0_h0.25_at2-6-10-14-18-24-28_s30_lr1e-2,value,frame,1.0,0.25,2-6-10-14-18-24-28,7,30,1e-2,210,8,asset,Dogs are walking on the floor. Dogs are walking on the floor.,0.1354,,2.7485,0.9012,0.4489,0.4489,0.6391,0.375,0.2355,,0.6471,0.0313,0.2849,0.2849,0.4663,0.4841,0.0,,1.4809,0.8303,0.0031,0.0031,0.0,0.0,0.5833,,3.571,0.9338,0.6931,0.6931,1.0,1.0
value-frame_w1.0_h0.25_at2-6-10-14-18-24-28_s40_lr1e-2,value,frame,1.0,0.25,2-6-10-14-18-24-28,7,40,1e-2,280,8,asset,Dogs are walking on the floor. Dogs are walking on the floor.,0.0,,2.6473,0.886,0.371,0.3715,0.6346,0.375,0.0,,0.6843,0.056,0.2125,0.2129,0.4722,0.4841,0.0,,1.4404,0.7821,0.0284,0.0285,0.0,0.0,0.0,,3.6566,0.9627,0.6078,0.6078,1.0,1.0
value-frame_w1.0_h0.25_at2-6-10-14-18-24-28_s50_lr1e-2,value,frame,1.0,0.25,2-6-10-14-18-24-28,7,50,1e-2,350,8,asset,Dogs are walking on the floor. Dogs are walking on the floor.,0.0833,,2.2439,0.8957,0.3591,0.3598,0.7041,0.25,0.2205,,0.8128,0.0265,0.2538,0.2535,0.4106,0.433,0.0,,1.3842,0.8579,0.0028,0.0028,0.0,0.0,0.6667,,3.5275,0.9317,0.6905,0.6905,1.0,1.0
value-frame_w1.0_h0.25_at2-6-10-14-18-24-28_s60_lr1e-2,value,frame,1.0,0.25,2-6-10-14-18-24-28,7,60,1e-2,420,8,asset,Dogs are walking on the floor. Dogs are walking on the floor.,0.0,,2.5856,0.9067,0.3652,0.3661,0.7041,0.25,0.0,,0.7252,0.043,0.2539,0.2539,0.4106,0.433,0.0,,1.4317,0.7984,0.0025,0.0025,0.0,0.0,0.0,,4.1278,0.9403,0.6928,0.6928,1.0,1.0
value-frame_w1.0_h0.25_at2-6-10-14-18-24-28_s80_lr1e-2,value,frame,1.0,0.25,2-6-10-14-18-24-28,7,80,1e-2,560,8,asset,Dogs are walking on the floor. Dogs are walking on the floor.,0.0,,2.6423,0.9002,0.3296,0.3305,0.5694,0.375,0.0,,0.4275,0.0367,0.2011,0.2013,0.4629,0.4841,0.0,,1.996,0.8104,0.0492,0.0492,0.0,0.0,0.0,,3.4064,0.9409,0.5712,0.5712,1.0,1.0
value-utter_w1.0_h0.25_at2-4-6-8-10-12-14-16-18-20-24-28_s500_lr2e-3,value,utter,1.0,0.25,2-4-6-8-10-12-14-16-18-20-24-28,12,500,2e-3,6000,8,asset,Dogs are walking on the floor. Dogs are walking on the floor.,0.0,,2.9432,0.9197,0.2969,0.2975,0.567,0.5,0.0,,0.4782,0.0234,0.2541,0.2538,0.4582,0.5,0.0,,2.2751,0.8894,0.0,0.0,0.0,0.0,0.0,,3.7564,0.9531,0.6931,0.6931,1.0,1.0
value-utter_w1.0_h0.25_at2-4-6-8-10-12-14-16-18-20-24-28_s50_lr1e-2,value,utter,1.0,0.25,2-4-6-8-10-12-14-16-18-20-24-28,12,50,1e-2,600,8,asset,Dogs are walking on the floor. Dogs are walking on the floor.,0.0104,,2.7467,0.8963,0.3663,0.367,0.6971,0.375,0.0276,,0.7202,0.0363,0.2429,0.2428,0.4135,0.4841,0.0,,1.6311,0.824,0.0,0.0,0.0,0.0,0.0833,,3.8141,0.9482,0.6931,0.6931,1.0,1.0
value-utter_w1.0_h0.25_at2-4-6-8-10-12-14_s60_lr1e-2,value,utter,1.0,0.25,2-4-6-8-10-12-14,7,60,1e-2,420,8,asset,Dogs are walking on the floor. Dogs are walking on the floor.,0.0104,,3.0268,0.8972,0.3412,0.3418,0.625,0.375,0.0276,,0.6548,0.0402,0.2788,0.2791,0.4841,0.4841,0.0,,2.1149,0.8369,0.0,0.0,0.0,0.0,0.0833,,4.0019,0.9485,0.6777,0.6777,1.0,1.0
value-utter_w1.0_h0.25_at2-6-10-14-18-24-28_s100_lr1e-2,value,utter,1.0,0.25,2-6-10-14-18-24-28,7,100,1e-2,700,8,asset,Dogs are walking on the floor. Dogs are walking on the floor.,0.0104,,2.9844,0.9001,0.2169,0.2171,0.3638,0.625,0.0276,,0.7616,0.0382,0.2648,0.2649,0.453,0.4841,0.0,,1.4873,0.8356,0.0,0.0,0.0,0.0,0.0833,,4.1343,0.9461,0.6931,0.6931,1.0,1.0
